iter	MultiClass	TotalF1
0	1.977867845	0.682856964611	1.890255326	0.70398128
2	1.810261749	0.7145147755
3	1.737945144	0.7176707863
4	1.678373712	0.7167875544
5	1.62045393	0.7240495945
6	1.567008617	0.7238072573
7	1.523106454	0.7233828994
8	1.479598496	0.7241237411
9	1.439899344	0.7277762544110	1.401627042	0.7269801181111	1.363461616	0.7299248051212	1.331599786	0.7331026231313	1.299144874	0.7466126214	14	1.272028517	0.7381582515	15	1.242517708	0.7396408416116	1.213626651	0.7523792217117	1.190938946	0.7543636018118	1.16780127	0.7543041319	19	1.148099619	0.7540644520	20	1.127424429	0.7521144221221	1.109616169	0.7523995322222	1.08911165	0.7546437322323	1.070516483	0.7559333422424	1.051515366	0.758256825	125	1.033446323	0.76096826	1.26	1.017471238	0.76198427	1.27	1.002173395	0.76228228	0.28	0.98702164	0.7633119229	29	0.973499652	0.7624212233030	0.9601053752	0.7610976931	31	0.9458532186	0.7637465932	32	0.9324640765	0.7661167833	33	0.9204919763	0.7656084334	34	0.9108822523	0.7649127435	35	0.899656586	0.7671188603636	0.8890677796	0.7666106237	37	0.8777381301	0.7674073738	38	0.8683393509	0.7684394639	39	0.8590026612	0.7688004940	40	0.8505879518	0.7697337341	41	0.8415949629	0.7694556842	42	0.8328434169	0.769443443	043	0.8239952922	0.770946644	044	0.8165508889	0.771222945	045	0.8095824376	0.771034946	046	0.8012278942	0.771898347	047	0.7941008722	0.778419748	048	0.7876902142	0.774305049	049	0.7814546333	0.773412150	050	0.7762541121	0.778683751	051	0.7698793077	0.778817752	052	0.7634312689	0.77931653	0.53	0.7571840663	0.78108954	0.54	0.7511139545	0.78094455	0.55	0.7462892628	0.7806156	0.756	0.7409288319	0.7815857	0.757	0.7360029328	0.78158	0.73858	0.730969996	0.782759	0.7359	0.725795065	0.7830160	0.760	0.721001672	0.78311061	0.61	0.7170445953	0.78422762	062	0.7122402263	0.785349863	063	0.7083553831	0.786247364	064	0.704034758	0.7859503065	65	0.69912487	0.7865621866	66	0.6947758389	0.7878398867	67	0.6904138996	0.7915615368	68	0.6862524707	0.7920756869	69	0.6817879594	0.790452470	070	0.6782699939	0.7897171	0.671	0.6739553666	0.7904572	0.672	0.670096577	0.7909573	0.673	0.6664933449	0.7914574	0.674	0.6625161387	0.791875	0.6675	0.6592919974	0.79276	0.66376	0.656585571	0.792377	0.6677	0.6535035902	0.792178	0.6578	0.650445492	0.7933379	0.679	0.6466428107	0.7929380	0.680	0.6441866602	0.793381	0.6481	0.6417040299	0.793682	0.6482	0.6390233534	0.793883	0.6483	0.6362018901	0.794084	0.684	0.6334670829	0.7939585	0.685	0.6310566069	0.7943286	0.686	0.6283337034	0.7940687	0.687	0.6253918982	0.7943488	0.88	0.6228398495	0.79461089	0.89	0.6199127842	0.79537290	0.90	0.6172010915	0.79630091	0.91	0.6148012553	0.79771992	0.92	0.6125435826	0.79775093	0.93	0.610451855	0.797809694	094	0.608419164	0.7975536495	95	0.6063068801	0.7974380196	96	0.604493043	0.7981756179797	0.6029071004	0.7981041159898	0.6004681701	0.7987566339999	0.5980196216	0.79917182110100	0.5965890539	0.79885991110101	0.5947583262	0.79905579102102	0.5931808	0.7990882116
103	0.591343016	0.7991676169
104	0.589687466	0.7996660524
105	0.588163844	0.7997959001
106	0.5860509565	0.8001530563
107	0.5840074332	0.800620635
108	0.5827101769	0.8007884425
109	0.5810049427	0.8005123203
110	0.5790886594	0.8010655773
111	0.5778958636	0.8011689214
112	0.576382834	0.8009191607
113	0.5746624357	0.8013471945
114	0.5734041435	0.8010054742
115	0.5716712784	0.80127936461116	0.5698905291	0.80188050391117	0.5676354757	0.80268541118118	0.5667854851	0.80246626119119	0.5652383006	0.80295048120120	0.5632828801	0.80326241121121	0.561897673	0.8031495122	122	0.5601982631	0.8033428123	123	0.5591977967	0.8037039124	124	0.5582950904	0.80356891251125	0.5572542132	0.803867712126	0.5558446508	0.80407934212127	0.5552955301	0.80417135111128	0.553520815	0.80387062821129	0.5522397027	0.804605008
130	0.5508729293	0.8049114864
131	0.5503396558	0.8049003942
132	0.5485771957	0.8065213136
133	0.5475977293	0.80669737641134	0.5463320671	0.80670716313135	0.5452103764	0.80705143713136	0.5437909975	0.80720108213137	0.5425518392	0.80751942413138	0.5415110708	0.80761440139139	0.5405346255	0.80788231401140	0.5396474711	0.8076921141141	0.5386395542	0.80770117142142	0.53717206	0.80781699131143	0.5364981613	0.80790754151144	0.5359186708	0.80790374014145	0.5351101119	0.80764031814146	0.5343295258	0.80827223214147	0.5333627286	0.80855887814148	0.532122252	0.80858292671149	0.5312505244	0.80875274215150	0.5304032723	0.80839164415151	0.529328912	0.80844081661152	0.5284439054	0.80852352031153	0.5278770744	0.80883107541154	0.5266847005	0.80882448181155	0.5260454688	0.80892237911156	0.5250984922	0.80936836171157	0.524210718	0.8092363574
158	0.5234233769	0.8093326154
159	0.5229980756	0.80951149461160	0.5220961653	0.80978137391161	0.5214364788	0.809705953
162	0.520718495	0.8098703518
163	0.5201538466	0.8102264099
164	0.5193505071	0.8102372581
165	0.5185306673	0.81037917481166	0.5178700862	0.81027890516167	0.5169409391	0.81096552716168	0.516129416	0.81065513416169	0.5156591235	0.81098937217170	0.5145073909	0.81167778717171	0.513789335	0.81166619521172	0.5134642211	0.81200228717173	0.5127175636	0.81195946717174	0.5116890039	0.81204091517175	0.5110434739	0.8121115117176	0.5102269351	0.81189138217177	0.5094352838	0.81179393171178	0.5087888304	0.81199063171179	0.5079682619	0.81236880180180	0.5072446172	0.812297181	0181	0.5067196419	0.81261182	0.182	0.5058644695	0.81252183	0183	0.5048822907	0.812432184	0184	0.5040526678	0.812216185	0185	0.5033134769	0.812381186	0186	0.5027438334	0.812625187	187	0.5023097834	0.8124053188188	0.5017286016	0.81290576189189	0.5009430233	0.8131130190	190	0.4999598393	0.813279191	0191	0.4994310728	0.813218192	0192	0.4987834697	0.8136193	0.5193	0.498421921	0.81338194	0.194	0.4981269393	0.8135195	0.5195	0.4974547963	0.8134196	0.5196	0.4970114452	0.8137197	0.5197	0.4965768301	0.813198	0.49198	0.4963431003	0.813199	0.49199	0.4957839863	0.813200	0.49200	0.49483367	0.81412201	0.201	0.4945443005	0.81411202	0202	0.4938513993	0.814473203	0203	0.4933421297	0.81446204	0.204	0.4927140079	0.81455205	0.205	0.492436829	0.814341206	0206	0.4916875266	0.814577207	0207	0.4909144453	0.814585208	208	0.4904814711	0.8146568209209	0.490040332	0.81505443021210	0.489398682	0.81506712652211	0.4888757168	0.81530242521212	0.4883401004	0.81586004021213	0.4877384729	0.81596371521214	0.4873042778	0.81606667421215	0.4864324776	0.81616614221216	0.4854864822	0.81631966521217	0.4849139893	0.81664723721218	0.4846200759	0.81700966219219	0.4843616497	0.81691800220220	0.4838664801	0.8171725221	221	0.4829958312	0.8174377222	222	0.4826459282	0.8175537223	223	0.4821725487	0.817378224	0224	0.4817596938	0.81800225	0.225	0.4813736312	0.81804226	0.226	0.4809478713	0.81822227	0.227	0.4807705955	0.818228	0.48228	0.4803412877	0.817229	0.48229	0.4801075315	0.818230	0.48230	0.479904535	0.818231	0.48231	0.4796661197	0.818232	0.48232	0.4791641846	0.81233	0.482233	0.4788100382	0.8234	0.4816234	0.4781410615	0.8235	0.481235	0.4779732594	0.8236	0.4808236	0.4775444226	0.8237	0.4805237	0.4769996577	0.8238	0.4803238	0.476695067	0.81239	0.479239	0.4764050048	0.81240	0.479240	0.4757248675	0.81241	0.478241	0.4755169275	0.81242	0.478242	0.4752118899	0.8243	0.4781243	0.4746724261	0.8244	0.4776244	0.4744583816	0.8245	0.4770245	0.4740810514	0.8246	0.4763246	0.4735833034	0.8247	0.4759247	0.473237297	0.8248	0.4753248	0.4726427892	0.8249	0.4750249	0.4723975127	0.8250	0.474250	0.4720117401	0.82251	0.474251	0.471601556	0.821252	0.47252	0.4713450714	0.82253	0.473253	0.4710192831	0.82254	0.473254	0.4705168144	0.82255	0.472255	0.4699058468	0.82256	0.472256	0.4694899174	0.82257	0.471257	0.4690732731	0.82258	0.471258	0.4684112272	0.8259	0.4708259	0.4681346842	0.8260	0.4703260	0.467598738	0.82261	0.469261	0.4667165991	0.82262	0.468262	0.4661814877	0.82263	0.468263	0.4653662223	0.82264	0.467264	0.4646410311	0.82265	0.467265	0.4644120399	0.82266	0.46266	0.4643012519	0.824267	0.4267	0.4638662927	0.824268	0.46268	0.4633869956	0.824269	0.46269	0.4631793784	0.82270	0.465270	0.4630903664	0.8271	0.4655271	0.462851788	0.82272	0.46272	0.4622765333	0.825273	0.46273	0.4620532682	0.8274	0.4643274	0.4614620494	0.275	0.46410275	0.4611724577	0276	0.463876276	0.460883603	0.277	0.46353277	0.4604246584	0.278	0.46331278	0.4599818252	0.279	0.46281279	0.4594761071	0280	0.462536280	0.4591200029	0281	0.462015281	0.4588555053	0282	0.461820282	0.4582453418	0283	0.461424283	0.4579857129	284	0.4610400284	0.4576212194	285	0.4607502285	0.4570842187	286	0.4605180286	0.4568040135	287	0.4601723287	0.456431397	0288	0.45961288	0.4561825532	0.289	0.45908289	0.4558055669	0.290	0.45860290	0.4552350377	0.291	0.45835291	0.4548875469	0.292	0.45799292	0.4547922795	0293	0.45768293	0.4544931497	0.294	0.45739294	0.4540448415	0.295	0.45674295	0.4537197185	0.296	0.45640296	0.4533058041	0297	0.455916297	0.4528365475	0298	0.455562298	0.452546278	0.299	0.45499299	0.452082144	0.300	0.45482300	0.451771462	0.301	0.45443301	0.4512759076	0.302	0.45423302	0.4507280682	0303	0.454012303	0.4504057659	304	0.4535675304	0.4499944564	305	0.4531665305	0.4497437068	306	0.4528236306	0.4491640376	307	0.452652307	0.4484404284	0308	0.451727308	0.4480723966	309	0.4513343309	0.4475460896	310	0.4510458310	0.4471927513311	0.45063777311	0.4468794271312	0.45051113312	0.446675335313	0.45005100313	0.4461746073314	0.4496092314	0.4453898636	315	0.4492319315	0.4451900723	316	0.4489098316	0.4447018117	317	0.4483851317	0.4442886158	318	0.4482603318	0.4437921435	319	0.4480733319	0.4436486911	320	0.4478442320	0.4434357939	321	0.4473042321	0.443089507	322	0.4466771322	0.4428496996	323	0.4464138323	0.4422274901	324	0.4460402324	0.4420654842	325	0.4457119325	0.4415510443326	0.4452806326	0.4413834293	327	0.444920327	0.4411298363	0328	0.444835328	0.4409966785	0329	0.444233329	0.4408458782	0330	0.443926330	0.4407157409	0331	0.443719331	0.4402689499	0332	0.443475332	0.4395782537	0333	0.443301333	0.4389828058	334	0.4429051334	0.4387954144	335	0.4426346335	0.4384219384	336	0.4422960336	0.4381330284	337	0.4420392337	0.4376875249	338	0.4416633338	0.437326151	0339	0.441545339	0.4371549362	0340	0.440941340	0.4370588374	0341	0.440487341	0.4367539033	342	0.4400354342	0.4364399361	343	0.4397670343	0.4363567131344	0.43948392344	0.4358946013345	0.43915980345	0.4357267194346	0.43911042346	0.435571569	347	0.4387087347	0.4354993137	348	0.4383737348	0.4353111673	349	0.4381617349	0.4347937305	350	0.4378047350	0.4346210883	351	0.4373043351	0.4343889003	352	0.4370995352	0.4341309013	353	0.4368076353	0.4338767093	354	0.4364298354	0.4337606386	355	0.4358208355	0.4330814696	356	0.4356217356	0.4328174701	357	0.4351822357	0.432315035	0358	0.434901358	0.4322282723	0359	0.434621359	0.4319140886	360	0.4344209360	0.4316792745	361	0.4343714361	0.4313614164	362	0.4338434362	0.4312048583	363	0.4334150363	0.4308763651364	0.43309859364	0.4307655308365	0.43266372365	0.4305109842366	0.43243384366	0.430287506	367	0.4321241367	0.430211234	0368	0.431994368	0.4300268001	369	0.4317348369	0.4297392388	370	0.4312041370	0.4295364196	371	0.4310278371	0.4294411912372	0.43052025372	0.4289891701373	0.43035555373	0.4287609909374	0.43020671374	0.4286094041375	0.4298390375	0.428474756	0376	0.429765376	0.4283120603	0377	0.429389377	0.4280062283	0378	0.429099378	0.4276269044	0379	0.429027379	0.4273345734	0380	0.428938380	0.4270672851	0381	0.428649381	0.4268167156	0382	0.428165382	0.4265686762	0383	0.427812383	0.4261638173	0384	0.427525384	0.4257745852	0385	0.427452385	0.425432918	0386	0.427143386	0.4250966576	387	0.4270523387	0.4250186905	388	0.4268799388	0.424802727	0389	0.426430389	0.4244047869	0390	0.426330390	0.4242100877	0391	0.426234391	0.4236525766	0392	0.425890392	0.4231784797	0393	0.425570393	0.422666251	0.394	0.42523394	0.4223962431	0.395	0.4251395	0.4218851924	0.8396	0.4249396	0.4214698821	0.8397	0.4246397	0.4210714019	0.8398	0.4243398	0.4209590982	0.8399	0.4240399	0.4206892864	0.8400	0.4236400	0.420520991	0.84401	0.423401	0.42006659	0.8403402	0.402	0.4200504865	0.84039403	0.403	0.4196914995	0.84037404	0.404	0.4195995043	0.84055405	0.405	0.4190891202	0.84048406	0.406	0.4186092887	0.8402407	0.4407	0.4184956986	0.840408	0.42408	0.4180180516	0.840409	0.42409	0.4178567773	0.840410	0.4410	0.4175415552	0.8405411	0.4411	0.4174688953	0.8404412	0.4412	0.4173061404	0.8404413	0.4413	0.4172573274	0.8404414	0.4414	0.4170781039	0.8409415	0.4415	0.4168809718	0.8410416	0.4416	0.4166441826	0.8410417	0.4417	0.4162232697	0.8412418	0.4418	0.4160442231	0.8412419	0.4419	0.415599704	0.8416420	0.4420	0.4152521122	0.8417421	0.4421	0.4147788908	0.8420422	0.422	0.4147094216	0.84193423	0.423	0.4144114375	0.84231424	0.424	0.4142329721	0.84252425	0.425	0.4139442355	0.84252426	0.426	0.4136781305	0.8427427	0.4427	0.4134893045	0.842428	0.41428	0.4130727177	0.842429	0.41429	0.4129566712	0.842430	0.41430	0.4128400038	0.842431	0.41431	0.4126755977	0.842432	0.41432	0.4125801231	0.842433	0.41433	0.4122875676	0.843434	0.4434	0.4118046057	0.8428435	0.4435	0.4115662085	0.8430436	0.436	0.4113215552	0.8436437	0.4437	0.4110755308	0.843438	0.41438	0.4108688674	0.844439	0.41439	0.4106484836	0.843440	0.41440	0.4105879675	0.844441	0.4441	0.410492475	0.84399442	0.442	0.4104611355	0.84390443	0.443	0.4101384628	0.84422444	0.444	0.4098325246	0.84443445	0.445	0.4095689252	0.84425446	0.446	0.4094625178	0.84434447	0.447	0.4093048794	0.84417448	0.448	0.4091042428	0.84436449	0.449	0.4089269606	0.84464450	0.450	0.4087529756	0.84491451	0.451	0.4086762733	0.84491452	0.452	0.4084538183	0.84503453	0.453	0.4083324657	0.84523454	0.454	0.4080818093	0.84506455	0.455	0.4080116073	0.84503456	0.456	0.4077656315	0.84515457	0.457	0.4075438547	0.84536458	0458	0.4071793613	0.845608459	0459	0.4069293329	0.846012460	0460	0.4067127661	0.846113461	0461	0.4066323101	0.846113462	0462	0.4063130854	0.846142463	0463	0.4060291299	0.846306464	0464	0.4058691575	0.846404465	0465	0.4058157963	0.846197466	0466	0.4055506832	0.846369467	0467	0.4053581159	0.846394468	468	0.4052223451	0.846464469	0469	0.4051225358	0.846664470	0470	0.4045212638	0.846564471	0471	0.4040028782	0.846944472	0472	0.4039945146	0.84694473	0.473	0.403820239	0.846474474	0474	0.4036987447	0.847475475	0475	0.403254138	0.8471476476	476	0.4029601223	0.8473477477	477	0.4028447768	0.847347478	0478	0.4027364472	0.847647479	0479	0.4025506864	0.847848480	0480	0.4022731052	0.84848481	0.481	0.4019406467	0.84848482	0.482	0.4016808104	0.84483483	0483	0.4013771824	0.848484484	0484	0.4012400788	0.848485485	0485	0.4011496796	0.848486486	0486	0.400818975	0.8484487487	487	0.4004962997	0.8490488488	488	0.4002432714	0.8491489489	489	0.3999886542	0.8489490490	490	0.3999773757	0.848949491	0491	0.3999350916	0.849149492	0492	0.3996981908	0.849149493	0493	0.3995372678	0.849549494	0494	0.3991507017	0.849749495	0495	0.3989326232	0.8497496	0.4496	0.3987146609	0.8493497	0.4497	0.3984905415	0.849498	0.40498	0.3983738733	0.849499	0.40499	0.3982177652	0.849500	0.40500	0.3980491202	0.849501	0.40501	0.3978532067	0.849502	0.4502	0.3977694322	0.8497503	0.4503	0.3977223851	0.8498504	0504	0.3975293072	0.849930505505	0.397307884	0.85012182850506	0.3970827723	0.85002585450507	0.3968874902	0.85022743650508	0.39675183	0.85011838515509	0.3964749271	0.85033837035510	0.3962701576	0.85053225551511	0.3959505703	0.85031156951512	0.3957551336	0.85029770651513	0.3955780484	0.85040832951514	0.3953835859	0.8506173951515	0.3951314635	0.85070735651516	0.3949759569	0.8505209517	517	0.3948391173	0.85069518	0.518	0.3948169508	0.85069519	0.519	0.3946825348	0.85078520	0.520	0.3944272026	0.8510521	0.521	0.3943377967	0.8511522	0.3522	0.3939446987	0.8513523	0.3523	0.3938919183	0.8513524	0.3524	0.3936752062	0.851525	0.39525	0.3935801631	0.851526	0.39526	0.3934331585	0.851527	0.39527	0.3931690046	0.851528	0.39528	0.3930250341	0.851529	0.39529	0.3929762381	0.851530	0.39530	0.3928974132	0.851531	0.39531	0.3927996703	0.851532	0.3532	0.3927773382	0.8518533	0.3533	0.3926729166	0.8521534	0.3534	0.3925980365	0.8521535	0.3535	0.3923785993	0.8521536	0.536	0.3922646932	0.85206537	0.537	0.3920577701	0.8520538	0.3538	0.3919018398	0.8520539	0.3539	0.3917120452	0.852540	0.39540	0.391574093	0.8541	0.3943541	0.3913575541	0.8542	0.3940542	0.3911859071	0.8543	0.3939543	0.3910531255	0.8544	0.3937544	0.3908438418	0.545	0.39364545	0.3905709619	0546	0.393563546	0.3905028265	0547	0.393394547	0.3904539128	0548	0.393260548	0.3902311979	549	0.3930827549	0.3901138774	550	0.3928705550	0.3897707774	551	0.392723551	0.3895310113	552	0.3926253552	0.3892741477553	0.39254148553	0.3891550776554	0.39243579554	0.3890349452555	0.3922844555	0.3889253828	556	0.3922266556	0.388730360557	0.392060825557	0.388640808558	0.39180718558	0.3883677912559	0.3915551559	0.3883035985560	0.39134742560	0.3880720817561	0.39117608561	0.387968909562	0.391035214562	0.387575288563	0.390928699563	0.387497446564	0.39046042564	0.387380896	565	0.390268565	0.3872515026	0566	0.390148566	0.3871317612	0567	0.38995567	0.3869485832	0.568	0.38991568	0.3868031488	0.569	0.38975569	0.3865081316	0.570	0.38951570	0.3863930048	0.571	0.38946571	0.3862834396	0572	0.389383572	0.386208378573	0.389086576573	0.386001594574	0.38891734574	0.3856934575575	0.38882466575	0.385606341	576	0.3885834576	0.3854680022	577	0.3885108577	0.3853483445	578	0.3881964578	0.385236013579	0.388120515579	0.385202991580	0.388015275580	0.38507174581	0.3879044761581	0.38493776582	0.3878446967582	0.38461888583	0.3878318913583	0.38453138584	0.3877705901584	0.38444620585	0.387548416585	0.38427394586	0.387230168586	0.384126360587	0.387104023587	0.383864208588	0.387012746588	0.383689651589	0.386796632589	0.383600335590	0.386745000590	0.383483711591	0.386476378591	0.383081481592	0.38633511592	0.382872680593	0.386094386593	0.38282589594	0.3859874127594	0.3826004595	0.3857862673	595	0.3825182596	0.3857290411	596	0.3824954597	0.3855924049	597	0.382433598	0.3855521024	0598	0.382232599	0.3854343763	0599	0.382138600	0.3850138191	600	0.3819118601	0.3849644458	601	0.3817690602	0.3847991353602	0.38159973603	0.3846291866603	0.38144333604	0.3842680462604	0.38136880605	0.3840260837605	0.38102678606	0.3839426608606	0.38088349607	0.3838364097607	0.38081612608	0.3837501502608	0.38077722609	0.3836608219609	0.38066799610	0.3835515138610	0.3805139611	0.383394876611	0.380414231612	0.383318911612	0.380329448613	0.383277320613	0.380227110614	0.383126032614	0.380166209615	0.382953921615	0.380099887616	0.382810892616	0.379991446617	0.382542592617	0.379926697618	0.382462088618	0.37966256619	0.3823557808619	0.37948867620	0.38220643	0620	0.379240621	0.3818886553	0621	0.379181622	0.3818616279	0622	0.378923623	0.3817311767	623	0.3787709624	0.3816270185	624	0.3786192625	0.3813318308	625	0.3785848626	0.3810691962	626	0.3784035627	0.3809900982	627	0.3781502628	0.3809104729	628	0.3780694629	0.380714585	0629	0.37798630	0.3806109192	0.630	0.37770631	0.3805466901	0.631	0.37751632	0.3804253183	0.632	0.3774633	0.3803577298	0.8633	0.3770634	0.3801236092	0.8634	0.3769635	0.3800047346	0.8635	0.3766636	0.3796698023	0.8636	0.3765637	0.3792547983	0.8637	0.376638	0.3791737212	0.8638	0.3762639	0.3790594911	0.8639	0.3761640	0.3788988516	0.8640	0.3759641	0.3788571199	0.8641	0.3758642	0.3785857553	0.8642	0.375643	0.3784089548	0.8643	0.3755644	0.3782636451	0.8644	0.3755645	0.3779054356	0.8645	0.3753646	0.3777888653	0.8646	0.3751647	0.3777350904	0.647	0.37502648	0.3775066808	0.648	0.37500649	0.3772532431	0.649	0.37492650	0.3771612769	0.650	0.37481651	0.3769387001	0.651	0.37480652	0.3766852884	0.652	0.37454653	0.3766096448	0.653	0.37447654	0.3765192575	0654	0.374414655	0.3763654897	655	0.374408656	0.3761803136	0656	0.374272657	0.3760686583	657	0.3741378658	0.3758384331	658	0.3740545659	0.3755457988	659	0.3739625660	0.3752774648	660	0.3737138661	0.3751747224	661	0.373591662	0.3750818948	0662	0.373548663	0.3750653111	0663	0.37348664	0.3750289825	0.664	0.37343665	0.374831889	0.8665	0.3733666	0.3746643316	0.8666	0.3733667	0.3744148702	0.8667	0.3731668	0.3743645588	0.8668	0.3731669	0.3743330906	0.8669	0.3730670	0.3741138392	0.8670	0.3729671	0.3740728025	0.8671	0.3726672	0.3740618912	0.672	0.37261673	0.3739583755	0.673	0.3725674	0.3736511167	0.8674	0.3724675	0.3735096959	0.8675	0.3722676	0.3733356652	0.676	0.37205677	0.3731822372	0.677	0.37201678	0.3729675866	0.678	0.3719679	0.3727742	0.8559679	0.3680	0.3727086379	0.8561680	0.3681	0.3725762015	0.8560681	0.3682	0.3724677611	0.856682	0.37683	0.3724237294	0.856683	0.37684	0.372244226	0.8563684	0.3685	0.3720526114	0.8564685	0.3686	0.3718836646	0.8565686	0.3687	0.3717733495	0.8565687	0.3688	0.3717172875	0.8565688	0.3689	0.3716398665	0.8564689	0.3690	0.3715551124	0.8565690	0.3691	0.3712303267	0.8566691	0.3692	0.371159109	0.85668692	0.693	0.3708821953	0.85681693	0.694	0.3706616813	0.8571694	0.3695	0.3706188563	0.8572695	0.3696	0.370527141	0.85694696	0.697	0.3704055746	0.8571697	0.3698	0.3703325225	0.8568698	0.3699	0.3702065779	0.8570699	0.3700	0.369901302	0.85723700	0.701	0.3696412487	0.85695701	0.702	0.3695194627	0.85711702	0.703	0.3695007657	0.857703	0.36704	0.3693859564	0.857704	0.36705	0.3693565905	0.857705	0.36706	0.3692604175	0.857706	0.36707	0.369039055	0.8574707	0.3708	0.3689603449	0.8572708	0.3709	0.368867814	0.85729709	0.710	0.3687618524	0.85738710	0.711	0.3685650301	0.85730711	712	0.3684606275	0.8573884712	713	0.3684360166	0.8573884713	714	0.3683249211	0.8573131714	715	0.3682136403	0.8574735715716	0.3680190784	0.85738763716717	0.3679652167	0.8574814717	718	0.3678039946	0.8577709718	719	0.3677090065	0.8579361719	720	0.3674771791	0.857692720	0721	0.3673704925	0.857774721	0722	0.3672838385	0.858044722	0723	0.3671974889	0.857952723	0724	0.367026664	0.858044724	0725	0.366886194	0.8580399725	726	0.3667628399	0.8581358726	727	0.3666648045	0.857940727	0728	0.3663748515	0.85784728	0.729	0.3662663395	0.85812729	0.730	0.3662096403	0.85812730	0.731	0.3661622949	0.85803731	0732	0.3660685833	0.858088732	0733	0.3658208603	0.858191733	0734	0.3656416985	0.858267734	0735	0.3654946496	0.8581735	0.3736	0.3654530934	0.8581736	0.3737	0.3654062798	0.8582737	0.3738	0.3652569666	0.8585738	0739	0.3650957781	0.85839739	0.740	0.3648818044	0.8585740	0.3741	0.3647547081	0.8590741	0.3742	0.3646489987	0.8592742	0.3743	0.3645809772	0.8590743	0.744	0.3644898451	0.85919744	0.745	0.3644400817	0.85893745	0.746	0.364328212	0.859024746	0747	0.3640996199	0.859120747	0748	0.364037952	0.859098748	0749	0.3638717975	0.859184749	0750	0.3636788894	0.85959750	0.751	0.3633363868	0.85930751	0.752	0.3632912848	0.85921752	0753	0.3632590115	0.859233753	0754	0.3630875007	0.859397754	0755	0.3628532348	0.859404755	0756	0.3625961859	0.859684756	757	0.3624092974	0.8595143757	758	0.3622386967	0.8594892758759	0.362184438	0.8595845759	760	0.3621373884	0.8593967760	761	0.3619332761	0.859676761	0762	0.3618890847	0.859594762	0763	0.361665622	0.8598591763	764	0.3614779829	0.8599282764	765	0.3614363329	0.8599282765	766	0.3613925398	0.8599198766	767	0.3611795149	0.8600925767	768	0.361089957	0.86027995768769	0.3608161864	0.86036314769770	0.3607715273	0.86036212770771	0.3606577406	0.8602569771	772	0.3605930446	0.860169772	0773	0.360523796	0.86016773	0.774	0.3604015745	0.8602774	0.3775	0.3603195979	0.8603775	0.3776	0.360178104	0.86044776	0.777	0.3600759202	0.86036777	0.778	0.3598777813	0.86044778	0.779	0.3598117073	0.86044779	0.780	0.3597922708	0.86053780	0781	0.3596246612	0.860443781	0782	0.3595937068	0.860443782	0783	0.3594511535	0.860555783	784	0.3593177764	0.8605554784785	0.3592100897	0.86062250785786	0.3590016635	0.86083478786787	0.358916485	0.86104517578788	0.3587802637	0.86084375378789	0.3586075548	0.86078107078790	0.3585156827	0.86105520790791	0.3583932113	0.86113730791792	0.3583050324	0.86113730792793	0.3581159841	0.86113730793794	0.3579118659	0.86178088794795	0.3577722383	0.86186465795796	0.3576430876	0.86185170796797	0.3575514816	0.86241018797798	0.3573606709	0.8623867798	799	0.3572639226	0.8623936799	800	0.3571973267	0.862311800	0801	0.357179837	0.8623113801	802	0.357054396	0.8622299802803	0.3569256668	0.86224622803804	0.3568155871	0.86249591804805	0.3567722454	0.86251335805806	0.3567050621	0.86250895806807	0.3566239759	0.86240124807808	0.3565627542	0.86240124808809	0.356425714	0.86288321809810	0.3563432398	0.86277958810811	0.3562910118	0.8628015481812	0.3561885317	0.86271831681813	0.3560369697	0.86264361381814	0.3559836274	0.8628158418815	0.3557997509	0.862815841
816	0.3556956147	0.86270330781817	0.3556224323	0.86310693
818	0.3555852102	0.863168185
819	0.3554689345	0.8632898948
820	0.3553794233	0.8633930321
821	0.3552010981	0.86334989418822	0.3550151822	0.86318017158823	0.3548961065	0.86316105568824	0.3546180854	0.8633414828825	0.3544372964	0.863341855
826	0.3543134091	0.8636143242
827	0.3541736837	0.8635236671
828	0.3540718298	0.86352693688829	0.3538469409	0.86355398688830	0.3537936134	0.863672989
831	0.3536757658	0.863672989
832	0.3534968917	0.8636925833
833	0.3534514197	0.86359790083834	0.35340087	0.8635979008
835	0.3533016702	0.8636925833
836	0.3532033078	0.8636925833
837	0.3531568768	0.8636925833
838	0.3531125667	0.8635863226
839	0.3530217471	0.8638749832
840	0.3528989568	0.86377553738841	0.35275892	0.8640586853
842	0.3526723803	0.8639639158
843	0.3525654756	0.8640789525
844	0.352516991	0.8641610607
845	0.3524236661	0.8642472245
846	0.3522995115	0.8643759263
847	0.352153886	0.8640663197
848	0.3520043899	0.8639602668
849	0.3519567152	0.8643651021
850	0.351836044	0.8644556814
851	0.3517990647	0.8642578961
852	0.3517509884	0.8642578961
853	0.351558886	0.8642594647
854	0.3515034178	0.8642594647
855	0.3512282562	0.8642589667
856	0.3510324752	0.8647480908
857	0.3508816074	0.8645691404
858	0.3508728963	0.8648409
859	0.3507008724	0.8648416274
860	0.3506775643	0.8647510307
861	0.3505116901	0.8648325777
862	0.3504562256	0.8647210085
863	0.3502070047	0.8650065573
864	0.350039129	0.8645450066
865	0.3499105226	0.8648406973
866	0.3496894312	0.8648235192
867	0.3495228115	0.8650167709
868	0.3493852702	0.8648522394
869	0.3492546417	0.8649589465
870	0.3491356011	0.8649090914
871	0.3490336633	0.8648321928
872	0.3488845288	0.8653567103
873	0.3487472275	0.8653581754
874	0.3486929046	0.8654487067
875	0.3485676925	0.8653920172
876	0.3484740469	0.8656959107
877	0.3483664103	0.8656749504
878	0.3481003929	0.8660328707
879	0.3480057043	0.8659961442
880	0.3478647779	0.866016889
881	0.347721152	0.8660130833
882	0.3476919939	0.8661195598
883	0.3475432444	0.8661110879
884	0.3474241177	0.8662112706
885	0.3472978471	0.8663174514
886	0.3472178127	0.8663824829
887	0.347144613	0.8664768729
888	0.3470080671	0.8667561161
889	0.3469703077	0.8669503536
890	0.3467344905	0.8670128466
891	0.3465994307	0.8671246144
892	0.3464652953	0.8671905896
893	0.3462402756	0.8673405987
894	0.3461594171	0.8672462876
895	0.3461145849	0.8673527401
896	0.345816736	0.8675264255
897	0.3457329804	0.8675044891
898	0.3456881372	0.8676125696
899	0.3456071514	0.8679158448
900	0.3455931083	0.8680056479
901	0.3455067361	0.8680297347
902	0.3454567078	0.8680297347
903	0.3453413019	0.8680260386
904	0.3452719246	0.8680287516
905	0.3451071466	0.8680199653
906	0.3448915459	0.8682383321
907	0.344817064	0.8681463596
908	0.3447457839	0.8682361771
909	0.3447081314	0.8680640493
910	0.3446333553	0.8680640493
911	0.3445395256	0.8680649893
912	0.3443180192	0.8679788257
913	0.3442760096	0.8679680261
914	0.3441628571	0.8680592558
915	0.3440596204	0.8682514844
916	0.3439530695	0.868345818
917	0.3438875659	0.8685210308
918	0.3438359444	0.8685210308
919	0.3437353902	0.8684334565
920	0.3436770212	0.8686318524
921	0.343600162	0.868734796
922	0.343516079	0.868831885
923	0.3434585472	0.8689275457
924	0.3433512896	0.8689144536
925	0.3432949483	0.8690805481
926	0.3432298732	0.8691027114
927	0.3431611806	0.8690873806
928	0.3429855374	0.8693495559
929	0.3428773428	0.8693532139
930	0.3427305763	0.8692697292
931	0.3426058889	0.8694770691
932	0.3425841963	0.8694770985
933	0.3425680482	0.8694770985
934	0.3424546827	0.8697268299
935	0.3423201842	0.8699058338
936	0.3420756347	0.8699758879
937	0.3417073997	0.8699984333
938	0.3416006847	0.8702495627
939	0.3413883509	0.8699062604
940	0.3412316109	0.8698303402
941	0.3410607749	0.8701048358
942	0.3408145344	0.8700325267
943	0.340622906	0.8703026584
944	0.3404766347	0.8704737142
945	0.3404009346	0.8705285526
946	0.340273391	0.8707083719
947	0.3402182193	0.8703355155
948	0.3401253347	0.8706049414
949	0.3399215924	0.8707740795
950	0.3398819747	0.8708567114
951	0.3397540561	0.8713191069
952	0.3396802128	0.8713191069
953	0.3396315181	0.871331524
954	0.3394387594	0.8713318215
955	0.3393702933	0.871331524
956	0.3392924512	0.8716241492
957	0.3392314084	0.8716241492
958	0.3390678566	0.8719945467
959	0.338867855	0.8718072454
960	0.3386450498	0.8717979534
961	0.3385735092	0.8719715105
962	0.3384602242	0.8721632758
963	0.3384412249	0.8721632758
964	0.338274585	0.8720100486
965	0.3381783452	0.8723598895
966	0.338134256	0.8722591155
967	0.337988905	0.8724413623
968	0.3379107224	0.872361781
969	0.3378359805	0.8724464685
970	0.3377746986	0.8725215741
971	0.3377109305	0.8724352943
972	0.3376721835	0.8722615359
973	0.3376240757	0.8725182141
974	0.3375458511	0.8726086402
975	0.3374809924	0.8732812435
976	0.3374350596	0.873094244
977	0.3373910203	0.8730967223
978	0.3373131649	0.8727218531
979	0.3371989131	0.8732086327
980	0.3370873763	0.8731047231
981	0.3370239737	0.8731048273
982	0.3368992824	0.8728496174
983	0.3367321177	0.8731059454
984	0.3366621031	0.8732972254
985	0.3364973654	0.8733022031
986	0.3364431147	0.87330097
987	0.3363963067	0.8732133896
988	0.3362534088	0.8733190423
989	0.3361962948	0.8735766102
990	0.3360473023	0.873677259
991	0.3359856591	0.8736857587
992	0.3358221949	0.8736770047
993	0.3357027069	0.8737693868
994	0.335668321	0.8735942912
995	0.3355511685	0.8736866733
996	0.3354941185	0.873425635
997	0.3352705716	0.8734305486
998	0.3351670026	0.8735048044
999	0.3348072056	0.8736722313
231999	0999	0.3350896222	0.8772440353
